person_id,label,net_dx,net_dy,net_dist,duration_sec,path_length,straightness,avg_speed,dir_cos,dir_sin,x_range,y_range
me,right,0.07573947212374843,0.06707711439503372,0.10117216471514537,0.5470000000004802,0.10117216471514537,1.0,0.18495825359242513,0.7486196656659093,0.6629996954586497,0.07573947212374843,0.06707711439503372
me,right,0.17393789134442772,-0.017464477526682676,0.17481246528959526,0.8909999999996217,0.21300581507389738,0.8206933938819847,0.23906376551513786,0.9949970733281593,-0.09990407433332016,0.17393789134442772,0.05878989121191758
me,right,0.055254110642331766,-0.02203792467052257,0.059486862975439106,0.8279999999995198,0.07052037869857436,0.8435414567142943,0.08516953949108123,0.9288455951214816,-0.3704670841295089,0.055254110642331766,0.03289634055075663
me,right,0.10744113892357343,-0.006402164326094417,0.10763171484861199,0.7970000000004802,0.12023239978028075,0.8951972600173004,0.15085621051469048,0.9982293701693167,-0.059482136237439864,0.10744113892357343,0.029803646326415856
me,right,0.06347544295930518,0.00848315709534253,0.06403979866601914,0.5470000000004802,0.06403979866601914,1.0,0.11707458622662324,0.9911874222207164,0.13246695448847298,0.06347544295930518,0.00848315709534253
me,right,0.14065533762444316,0.11645137059155641,0.18260571106867962,0.4850000000005821,0.18260571106867962,1.0,0.3765066207597123,0.7702680096984559,0.6377203095677442,0.14065533762444316,0.11645137059155641
me,right,0.0451740383349043,0.02630983522500374,0.052277157239565455,0.5310000000008586,0.052277157239565455,1.0,0.09845039028150834,0.8641257620013578,0.5032759356909217,0.0451740383349043,0.02630983522500374
me,right,0.19956078652386644,-0.04009513020944955,0.20354883194097897,0.8440000000009604,0.2281169436905898,0.8923003642248768,0.27028073896958554,0.9804074266647282,-0.19698039938188167,0.19956078652386644,0.07425165099305597
me,right,0.0545113363600116,0.0156255580547362,0.056706647372916114,0.9530000000013388,0.1327222056276779,0.4272581751089473,0.1392677918441673,0.9612865313925607,0.275550729564012,0.059890355524780614,0.05986120837408215
me,right,0.04447268288195416,0.0005661541995152231,0.044476286415307736,0.5630000000001019,0.044476286415307736,1.0,0.0789987325316158,0.9999189785469064,0.012729349618550111,0.04447268288195416,0.0005661541995152231
me,right,0.09491767744008528,0.09844180634958577,0.13674850905216268,0.9539999999997235,0.17316214103999603,0.7897136650705726,0.18151167823904216,0.6941039291615162,0.719874805450604,0.11101718672753846,0.10599718663005087
me,right,0.004554545582384217,0.005348696626420457,0.007025129255999292,0.7029999999995198,0.007025129255999292,1.0,0.00999307148791478,0.6483219619759657,0.7613662939870891,0.004554545582384217,0.005348696626420457
me,right,0.11763289229904439,0.000850458615061056,0.11763596656845435,0.375,0.11763596656845435,1.0,0.3136959108492116,0.9999738662460161,0.007229579862942342,0.11763289229904439,0.000850458615061056
me,right,0.09860752312199661,-0.04134336799765681,0.10692388738558269,0.8909999999996217,0.2392073412458527,0.44699249959761217,0.26847064112901714,0.9222216431993715,-0.38666166194057994,0.15368422883247013,0.05353300575337128
me,right,0.027427130287228763,-0.011954374040350046,0.029919133250968625,0.4529999999995198,0.029919133250968625,1.0,0.06604665176821267,0.9167087180355005,-0.39955616160648727,0.027427130287228763,0.011954374040350046
me,right,0.019416004291653022,0.006534984865026905,0.02048626978831479,0.5940000000009604,0.02048626978831479,1.0,0.03448866967724186,0.9477569363422013,0.3189934005825897,0.019416004291653022,0.006534984865026905
me,right,0.16767072130076743,-0.1510397328546138,0.2256689426622829,0.9530000000013388,0.2256689426622829,1.0,0.2367984707890513,0.7429942256240784,-0.6692978265983509,0.16767072130076743,0.1510397328546138
me,right,0.06587196108335491,-0.0019253163252468397,0.06590009180508997,0.625,0.06590009180508997,1.0,0.10544014688814396,0.9995731307656102,-0.029215685024252615,0.06587196108335491,0.0019253163252468397
me,right,-0.04600671693056857,0.013168431449166684,0.047854211826764706,0.4539999999997235,0.047854211826764706,1.0,0.10540575292245341,-0.9613932645493319,0.27517810755795635,0.04600671693056857,0.013168431449166684
me,right,0.09039995724860328,-0.0660982701720455,0.11198720279695364,0.7350000000005821,0.11198720279695364,1.0,0.1523635412202244,0.8072347106705519,-0.5902305667183212,0.09039995724860328,0.0660982701720455
me,right,0.038172581285459195,-0.058383330076308027,0.06975499403479384,0.8599999999987631,0.06975499403479384,1.0,0.0811104581801095,0.5472379693189952,-0.836977063566035,0.038172581285459195,0.058383330076308027
me,right,0.20142239178524024,-0.011160057292320502,0.20173132327740947,0.9380000000001019,0.26415012956405787,0.7636995053166858,0.2816099462303083,0.9984685992876554,-0.05532139040685231,0.20142239178524024,0.06442729958209492
me,right,0.10702382398173815,-0.08757088105501482,0.13828506104574573,0.8430000000007567,0.13832400688149807,0.9997184448554494,0.1640854174156274,0.7739362673914131,-0.633263494934176,0.10702382398173815,0.08757088105501482
me,right,0.07765725222441766,-0.02036299328166702,0.08028262774994374,0.8909999999996217,0.12299041334652236,0.6527551665652954,0.13803637861568416,0.9672983359027144,-0.2536413400056065,0.09116809625753008,0.028418911726874052
me,right,0.05917673151376446,-0.07434666345824115,0.09502269160587451,0.8899999999994179,0.09608648055045182,0.9889288384954557,0.10796233769720749,0.6227642104605046,-0.7824095718800379,0.05917673151376446,0.07434666345824115
me,right,0.13724261246240022,-0.04088860723133425,0.14320409518174712,0.8909999999996217,0.14797484522640636,0.9677597226923277,0.16607726736977463,0.9583707245817175,-0.28552680130718733,0.13724261246240022,0.04718053266322386
me,right,0.2725223720919027,-0.021536204067634568,0.27337200181481697,0.9839999999985594,0.2734295784064631,0.9997894280787701,0.27787558781185306,0.99689203825822,-0.07877984550233223,0.2725223720919027,0.021536204067634568
me,right,0.21597602523167136,-0.020663765763340503,0.2169622886365134,0.8440000000009604,0.22077529624563277,0.9827290114702097,0.2615821045561393,0.9954542173617353,-0.09524127853370606,0.21597602523167136,0.033126481324757706
me,right,0.05854411219828437,-0.03605910907232679,0.0687580716728972,0.9690000000009604,0.12098911644758237,0.5682996429078488,0.12485976929562688,0.8514507573277549,-0.5244345601178404,0.05854411219828437,0.05039216858814366
me,right,0.21591345288416697,0.059772231067562354,0.2240342356497271,0.8280000000013388,0.2271208235579703,0.9864099299223641,0.2743005115429989,0.963752045565675,0.26679954023194474,0.21591345288416697,0.0642775336852488
me,right,0.23396783313101355,0.012565682921173327,0.23430502198479927,0.9220000000004802,0.2964810448297735,0.7902866846658848,0.32156295534665846,0.9985608978803382,0.053629592804837686,0.23396783313101355,0.09318837158171306
me,right,0.11834413285083534,0.029701635457003994,0.12201442918375237,0.9840000000003783,0.14936396380006098,0.8168933528510346,0.151792646138215,0.969919161549413,0.24342723771033395,0.1311527460853089,0.03461744268788858
me,right,0.0,0.0,0.0,0.35900000000037835,0.0,0.0,0.0,0.0,0.0,0.0,0.0
me,right,0.22614782740428385,0.03384308044110673,0.22866611890138203,0.9839999999985594,0.2890196368153076,0.7911784867666506,0.29371914310541747,0.9889870370424915,0.14800216404469788,0.2366516424650953,0.0713823342940243
me,right,0.03294974715104404,-0.02609471527709395,0.042031178935527554,0.9689999999991414,0.05954182042818988,0.705910209551269,0.061446667108609535,0.7839358301509054,-0.6208418592569374,0.04180269771446121,0.02822114136027465
me,right,0.2044630931567627,-0.016993022441984085,0.20516802693145147,0.9849999999987631,0.22293672745854184,0.9202971142097046,0.22633170300388,0.9965641148612093,-0.08282490549885538,0.2044630931567627,0.04880833508326421
me,right,0.19134182499017294,0.043174582589280974,0.19615233511821523,0.9529999999995198,0.19823535846235307,0.9894921705174335,0.2080119186384606,0.9754756418008323,0.2201074107186179,0.19134182499017294,0.043174582589280974
me,right,0.15874009075691697,-0.010958319930498894,0.1591178845674282,1.0,0.18490282733585742,0.8605486831113001,0.18490282733585742,0.9976256986350825,-0.06886919066508308,0.1672439739348882,0.02842656133634358
me,right,0.16634965545938007,0.006229140301790559,0.16646624300546298,0.9219999999986612,0.16649863911077925,0.9998054272065569,0.18058420727876465,0.999299632502194,0.03741984073963954,0.16634965545938007,0.006300062661753203
me,right,0.1662887373770543,-0.04343553429306568,0.1718679429613883,0.9689999999991414,0.18115109134867624,0.9487546648591815,0.18694643070055392,0.9675378346409405,-0.2527262126062908,0.1662887373770543,0.05526682579084474
me,right,0.22757734255384987,0.02874919229671602,0.22938605646722707,0.9850000000005821,0.27966118275557555,0.8202284428858722,0.2839199824928023,0.992114978821149,0.1253310368532513,0.22757734255384987,0.07111783985818643
me,right,0.08049936817325842,-0.05539540393399611,0.0977179566574353,0.7189999999991414,0.0977179566574353,1.0,0.13590814555987757,0.8237929949298963,-0.5668907315386553,0.08049936817325842,0.05539540393399611
me,right,0.21182252848411443,0.03690322739425789,0.21501309673021263,0.9060000000008586,0.24024182108563075,0.894986125890106,0.265167572941946,0.9851610516074676,0.17163246311717542,0.214864499540094,0.03690322739425789
me,right,0.15936895866151812,-0.013735527931770797,0.15995977529498198,0.8600000000005821,0.16680192269194788,0.9589804045028781,0.19395572406027323,0.9963064674704979,-0.08586863732735993,0.15936895866151812,0.029529808301970162
me,right,0.23186306105664212,1.6629159133696447e-05,0.23186306165296164,0.8910000000014406,0.2322071473891999,0.9985181948957775,0.26061408236680633,0.9999999974281392,7.171974274447367e-05,0.23186306105664212,0.005094879865444324
me,right,0.021264023925699593,0.0018967306125691197,0.021348449604816307,0.5159999999996217,0.021348449604816307,1.0,0.041372964350449536,0.9960453484595122,0.08884629318192777,0.021264023925699593,0.0018967306125691197
me,right,0.16187786257972492,0.018583146510970816,0.16294101916837428,0.8599999999987631,0.166059609667432,0.9812200540197383,0.1930925693810126,0.9934752059728388,0.11404830168496746,0.16187786257972492,0.02753210530806771
me,right,0.18666207114531352,0.001228418309820678,0.18666611319626814,0.8590000000003783,0.21320649410209463,0.8755179525952078,0.24820313632363297,0.999978346091396,0.0065808318863374545,0.18666207114531352,0.05158403668978706
me,right,0.25628864552553465,0.06536552119100159,0.26449295110812393,0.9690000000009604,0.26559275920733827,0.9958590433621131,0.27408953478542314,0.9689810047934495,0.2471352106630636,0.25628864552553465,0.06536552119100159
me,right,0.18948628679647495,-0.05591293609207004,0.1975634310958176,0.9840000000003783,0.2417023426367086,0.8173831868595741,0.24563246202908096,0.9591161974939317,-0.28301257870416546,0.20907438354632968,0.05591293609207004
me,right,0.1691954208524764,-0.05748633636207379,0.17869462584470774,1.0,0.19242111711638812,0.9286643198138292,0.19242111711638812,0.9468411266017228,-0.3217015402132549,0.1691954208524764,0.05748633636207379
me,right,0.10204139517251809,0.03678891472320811,0.10847059774549726,0.9060000000008586,0.10898625090732739,0.9952686402409733,0.12029387517353654,0.940728614881759,0.3391602469963826,0.10204139517251809,0.03678891472320811
me,right,0.05703636934216094,-0.014204619745797564,0.058778556037538884,0.75,0.058778556037538884,1.0,0.07837140805005184,0.9703601651210129,-0.24166329871604525,0.05703636934216094,0.014204619745797564
me,right,0.1575326146053152,-0.03631917545418539,0.16166510807857912,0.9680000000007567,0.2026077217686657,0.7979217507966739,0.20930549769473897,0.9744379382639866,-0.2246568593918983,0.1575326146053152,0.06761504240619487
me,right,0.09038801123683116,-0.06190306274712931,0.10955355655032174,0.8590000000003783,0.11070115101390637,0.9896334007995954,0.1288721199230007,0.8250577533310186,-0.565048408252224,0.09038801123683116,0.06190306274712931
me,right,0.06332999515866267,0.01750382770456471,0.06570443113753686,0.5779999999995198,0.06570443113753686,1.0,0.11367548639721704,0.9638618592724154,0.2664025454831888,0.06332999515866267,0.01750382770456471
me,right,0.006306438623296939,0.00928171507226594,0.011221470616284663,0.6869999999998981,0.011221470616284663,1.0,0.016334018364317797,0.5619975169872119,0.8271389187435255,0.006306438623296939,0.00928171507226594
me,right,0.2108011821076643,0.017672538354823075,0.21154067455194364,1.0,0.2115455419157261,0.9999769914140549,0.2115455419157261,0.9965042541069435,0.08354203460991422,0.2108011821076643,0.017672538354823075
me,right,0.12456918111161847,-0.047514229552098386,0.13332322713146685,0.9220000000004802,0.1362226142760768,0.9787158163127462,0.14774687014751176,0.9343396780276235,-0.3563837342854425,0.12456918111161847,0.05117291331995921
me,right,0.15470032830684532,-0.0015694005749330442,0.15470828871269415,0.8590000000003783,0.15483517353249537,0.9991805168237526,0.1802504930528838,0.9999485457055012,-0.010144256574691667,0.15470032830684532,0.00326935756264235
me,left,-0.05395942936624665,-0.0305639804227682,0.062014328318658093,0.8279999999995198,0.07733584929091095,0.8018833294942098,0.09340078416782101,-0.870112292258949,-0.4928535267803988,0.05900394145746524,0.03662765582948502
me,left,-0.13308098488516018,0.0018338046548663778,0.13309361884597037,0.9529999999995198,0.13939142170300586,0.9548192938984875,0.14626591994026875,-0.9999050746315282,0.013778306358839375,0.13308098488516018,0.02027652916858258
me,left,-0.25637866733001036,-0.045373948957013854,0.26036285508087714,0.9380000000001019,0.27420808591456847,0.9495083057543208,0.29233271419460416,-0.984697556993569,-0.17427197494404198,0.25637866733001036,0.061122852349110524
me,left,-0.14900004288249113,-0.04459688584642396,0.1555310097896338,0.875,0.17165690495740374,0.906057404613164,0.19617931995131857,-0.9580085867379358,-0.28673951199020864,0.1563536106732345,0.04459688584642396
me,left,-0.16343574187733717,-0.0015922777027990165,0.16344349810034786,0.9529999999995198,0.16363421374318296,0.9988345002033963,0.17170431662462268,-0.9999525449277528,-0.009742068184452468,0.16343574187733717,0.004822520385147411
me,left,-0.18364408923139608,-0.014595961759935272,0.1842232168032207,0.9369999999998981,0.23223426592941138,0.7932645773264836,0.24784873631743504,-0.9968563811778228,-0.07922976274768911,0.20577966369759315,0.02850442163467881
me,left,-0.15674192409495985,-0.0218356724501082,0.1582555760797659,0.8909999999996217,0.17400085258707043,0.9095103485230018,0.19528715217412382,-0.9904353955651893,-0.13797727063406803,0.15674192409495985,0.04204143230279245
me,left,-0.09057918743941101,-0.043049644152376,0.10028888801273128,0.9380000000001019,0.10744584191179313,0.9333901268609603,0.11454780587609964,-0.9031826878757728,-0.4292563713231222,0.09195288617607128,0.043049644152376
me,left,-0.21986724713807226,-0.005263319160527136,0.21993023642205206,0.9530000000013388,0.28611773697107157,0.7686704038354969,0.30022847531025143,-0.999713594251502,-0.023931766937342277,0.24021310239940297,0.030523554182414148
me,left,-0.18183796647519834,-0.006420432374055429,0.18195127920326687,0.875,0.19659348738273358,0.9255203802811592,0.22467827129455267,-0.9993772358811397,-0.03528654704803061,0.18183796647519834,0.03213776230368659
me,left,-0.10374687689847717,-0.07102188605189541,0.1257279712894318,1.0,0.1812155457741149,0.6938034524154549,0.1812155457741149,-0.8251694180258973,-0.5648853260218415,0.13114475879420984,0.07102188605189541
me,left,-0.17829780875741252,0.013278796629252798,0.17879159669183534,0.8439999999991414,0.1808522062640276,0.9886061131641162,0.21427986524195683,-0.9972381927139792,0.074269690941572,0.17829780875741252,0.013278796629252798
me,left,-0.32784870189134363,0.03234153355030012,0.32944004936289134,0.8899999999994179,0.3369317130824112,0.9777650383486239,0.37857495851981077,-0.995169538510496,0.09817122603291814,0.32784870189134363,0.03234153355030012
me,left,-0.0662874346828286,-0.030715379701338308,0.0730579122821591,0.9529999999995198,0.08293011179294013,0.8809576003535371,0.08702005434730527,-0.9073272505627858,-0.4204250948577827,0.0662874346828286,0.03851941468596398
me,left,-0.3087273599175896,-0.001092547760215501,0.3087292931069115,0.9529999999995198,0.3373611768072293,0.9151298795810215,0.3539991362092333,-0.99999373823811,-0.003538853567216107,0.32284262080318005,0.008695088915248728
me,left,-0.22481884863370083,-0.00364646448228112,0.22484841872738048,0.9529999999995198,0.320014918852939,0.702618551451685,0.335797396488038,-0.9998684887630208,-0.016217434407231963,0.2712807469544558,0.013480911531119077
me,left,-0.29557626968913475,-0.017003364003627786,0.2960649347538205,0.875,0.29794578011285744,0.9936872898205691,0.3405094629861228,-0.9983494665955897,-0.057431198388171734,0.29557626968913475,0.017003364003627786
me,left,-0.13756913492451361,-0.002911509057167083,0.13759994102058692,0.9369999999998981,0.2593692119947945,0.5305176353134331,0.2768081237938343,-0.9997761183918771,-0.021159231868649417,0.1953536007857437,0.014580807491029746
me,left,-0.25311069438923106,0.0025864668955076775,0.25312390923261335,0.9059999999990396,0.25461736998866413,0.9941344898970669,0.28103462471184776,-0.9999477929863585,0.010218184854006784,0.25311069438923106,0.008769265791734426
me,left,-0.29382327726306184,-0.059829770596383836,0.2998528300870646,1.0,0.32226228489729314,0.9304620619276917,0.32226228489729314,-0.9798916260945344,-0.19953045158523866,0.29382327726306184,0.06200140984710911
me,left,-0.23245665587327324,-0.04414808303041984,0.2366118130927664,0.875,0.25806211027491754,0.9168793235113059,0.2949281260284772,-0.9824389274348526,-0.18658444163610322,0.23245665587327324,0.04414808303041984
me,left,-0.2911169061725937,-0.016045323088344943,0.29155875128781866,0.9069999999992433,0.30421530444133466,0.9583960669672466,0.33540827391575356,-0.9984845417492245,-0.05503289823225182,0.2911169061725937,0.03914168953319752
me,left,-0.13979917774765305,0.018775248504517283,0.14105431597553572,0.8910000000014406,0.15500864508247997,0.9099770912808175,0.17397154330216535,-0.9911017382261429,0.1331065155622295,0.13979917774765305,0.018775248504517283
me,left,-0.07675872727796929,-0.0377829682687536,0.08555381291638209,0.8440000000009604,0.10521628857359039,0.8131232727957709,0.12466384902069984,-0.8971982038134423,-0.44162810494117455,0.08725828578465167,0.0377829682687536
me,left,-0.09042658087610234,-0.041267034120847645,0.09939786030933201,0.9219999999986612,0.11040683791825352,0.9002871758987184,0.1197471127097764,-0.9097437368841691,-0.4151702460437498,0.09480975982214868,0.04471963020711367
me,left,-0.2163916491297468,-0.02458999703333009,0.2177843285619758,0.9220000000004802,0.22225195839604595,0.9798983556036479,0.2410541848112041,-0.993605235778787,-0.11290985534035987,0.2169251842318733,0.027776926527956047
me,left,-0.2238980628847671,-0.06620702158850744,0.2334817172096612,1.0,0.25001615709283415,0.9338665145667626,0.25001615709283415,-0.9589532986161473,-0.28356405109465194,0.22860739889946646,0.07421539428680135
me,left,-0.20692131978019968,-0.08320369977924025,0.22302306660194052,0.9680000000007567,0.22860591759947146,0.9755787118017112,0.2361631380157983,-0.9278023252613604,-0.3730721716231495,0.20692131978019968,0.08700853294411404
me,left,-0.21186377130555462,-0.05203681008184724,0.21816069122393839,0.9380000000001019,0.2383492808944484,0.9152982983848379,0.2541037109748641,-0.9711363221162511,-0.2385251430489478,0.21186377130555462,0.06922557693052156
me,left,-0.1307073386443101,-0.07007617643274144,0.1483073797183103,0.9689999999991414,0.2768991456475136,0.535600712568114,0.2857576322474293,-0.881327273751117,-0.4725063349230606,0.1870632098772419,0.09541559675551925
me,left,-0.0086430885531249,0.0008367795499620856,0.00868350043199132,0.5310000000008586,0.00868350043199132,1.0,0.0163531081581493,-0.9953461303787656,0.0963643125851948,0.0086430885531249,0.0008367795499620856
me,left,-0.001057641790812136,0.004803386744092308,0.0049184479636358875,0.5630000000001019,0.0049184479636358875,1.0,0.008736142031323264,-0.21503567764297143,0.9766061935809275,0.001057641790812136,0.004803386744092308
me,left,-0.1292982172785892,0.029984364570609046,0.1327293905287162,0.8590000000003783,0.18225036165209024,0.7282805330290214,0.21216572951339926,-0.9741491071686593,0.22590599151528448,0.15165546099543187,0.04131982258098177
me,left,-0.3002639264550013,-0.04602703103592676,0.3037711525411137,0.8279999999995198,0.3042151718925048,0.9985404431060132,0.36740962788971165,-0.98845438068502,-0.15151876881955492,0.3002639264550013,0.04602703103592676
me,left,-0.21413854076302696,-0.030779028466595193,0.21633923184079681,0.9689999999991414,0.22987716011801695,0.9411079888481749,0.23723133139135255,-0.9898275913293927,-0.14227206135799428,0.216510078187781,0.030779028466595193
me,left,0.0003850387109118891,-0.002609079814765991,0.002637338106637074,0.5310000000008586,0.002637338106637074,1.0,0.0049667384305702635,0.14599520248955117,-0.9892852980056032,0.0003850387109118891,0.002609079814765991
me,left,-0.01599738379114668,-0.0363326680830538,0.039698602723453616,1.0,0.040384919098889846,0.9830056270818407,0.040384919098889846,-0.40297095347629336,-0.9152127679695071,0.01599738379114668,0.0363326680830538
me,left,-0.24954896740234878,-0.12683087624873668,0.2799299167677526,0.9850000000005821,0.3103330791917348,0.9020305456860496,0.3150589636462451,-0.8914694445088206,-0.4530808200609852,0.24954896740234878,0.12683087624873668
me,left,-0.07475902425989045,-0.0014558287437388406,0.07477319804329613,0.9839999999985594,0.10900237648117737,0.6859776865159268,0.11077477284688715,-0.9998104429959319,-0.019469927485191527,0.09064059758370757,0.009612087923726698
me,left,-0.21681821716389893,0.008441967269278705,0.216982501841755,0.9689999999991414,0.22027832463007044,0.98503791603713,0.2273254124151348,-0.9992428666991042,0.038906212241185324,0.21681821716389893,0.008441967269278705
me,left,0.02357222651046742,0.0038655159371948633,0.02388706922419514,0.5939999999991414,0.02388706922419514,1.0,0.04021392125291189,0.9868195335822607,0.16182462155212804,0.02357222651046742,0.0038655159371948633
me,left,-0.1681831648226923,0.0043196899592564675,0.1682386300797798,0.9689999999991414,0.24764861330618354,0.6793441232468191,0.25557132436161295,-0.999670317946234,0.025675969646258078,0.2064037597900571,0.014674433649843
me,left,-0.18196566424295035,-0.008630744579143701,0.1821702300469771,0.9850000000005821,0.2737192626373412,0.6655367557684089,0.27788757628140043,-0.998877062382948,-0.04737736004899401,0.22714616506002305,0.016762165783880845
me,left,-0.0692629630270587,0.011212670393467739,0.070164677898785,0.8909999999996217,0.11088251196811752,0.6327839859811232,0.12444726371286711,-0.9871485924438069,0.1598050576052299,0.08679131833630088,0.01630838114023181
me,left,0.014548056036425616,0.021504898824489138,0.025963563081566717,0.5630000000001019,0.025963563081566717,1.0,0.04611645307559861,0.5603258686306527,0.8282722504969634,0.014548056036425616,0.021504898824489138
me,left,0.068681160934017,0.02452242978984498,0.07292771373107906,0.9220000000004802,0.18466852222270902,0.394911449191805,0.20029123885315925,0.94177038357844,0.33625666478825095,0.12541500598787503,0.02524259190697231
me,left,-0.30045544633877685,-0.0768885344489092,0.31013758553960324,0.875,0.31013758553960324,1.0,0.3544429549024037,-0.9687811485861006,-0.24791749866476875,0.30045544633877685,0.0768885344489092
me,left,-0.23916741998010083,-0.007693073516306992,0.2392911159238162,0.9689999999991414,0.38666647961603173,0.6188566336586443,0.39903661467118096,-0.999483073396863,-0.03214943223699228,0.3116136354185115,0.023560156342707028
me,left,-0.3212152214750095,-0.06742967280926526,0.3282163604733987,0.9690000000009604,0.3303959971095002,0.9934029568906093,0.34096594128913593,-0.9786691346272588,-0.20544275340817542,0.3212152214750095,0.06742967280926526
me,left,0.009211631534743248,0.003104341540471678,0.00972065285522399,0.5630000000001019,0.00972065285522399,1.0,0.01726581324195778,0.9476350685430363,0.31935525182378766,0.009211631534743248,0.003104341540471678
me,left,-0.32834449632377616,-0.07396926886388178,0.3365732624591138,0.9060000000008586,0.33727906756981596,0.9979073557224061,0.37227270151158537,-0.9755513373961568,-0.21977167266180989,0.32834449632377616,0.07396926886388178
me,left,-0.294069761013137,-0.030392525253462588,0.2956361444979383,0.9689999999991414,0.29688837224650966,0.9957821596747088,0.3063863490678769,-0.9947016509518435,-0.1028038209099109,0.294069761013137,0.030392525253462588
me,left,-0.30723019000344565,-0.08456530192495648,0.31865605272646613,0.8590000000003783,0.31865605272646613,1.0,0.37096164461737574,-0.9641435879680954,-0.26538112551575227,0.30723019000344565,0.08456530192495648
me,left,-0.121284245020858,0.017566201756367028,0.12254974310223955,0.9059999999990396,0.205014327167355,0.5977618481375749,0.22628512932403125,-0.9896735966200615,0.14333936009732862,0.1514230296029112,0.0419360581978927
me,left,-0.191570747488145,-0.030595449837556243,0.19399853825204208,1.0,0.3197220314549952,0.6067725060083942,0.3197220314549952,-0.987485520325195,-0.15770969262565662,0.2530309656425404,0.042722394869444735
me,left,0.0005622560268460086,-0.008987633544602303,0.00900520341645791,0.7030000000013388,0.00900520341645791,1.0,0.012809677690527398,0.06243679357852478,-0.9980489200473255,0.0005622560268460086,0.008987633544602303
me,left,-0.40479837814887804,-0.11733819327219275,0.4214617165916075,0.9220000000004802,0.4683609710792201,0.8998651523427645,0.507983699651818,-0.9604629844497214,-0.27840771451584145,0.42223849387106765,0.13524029699795737
me,left,0.0015569447849016482,-0.009565863687515885,0.009691740047657462,0.5619999999998981,0.009691740047657462,1.0,0.01724508905277441,0.16064656885612288,-0.9870119958312334,0.0015569447849016482,0.009565863687515885
me,left,-0.4644147425223523,-0.0499690274869673,0.4670952330950254,0.8430000000007567,0.47460463683533294,0.9841775592619989,0.5629948242406962,-0.9942613617464862,-0.10697824329284399,0.4644147425223523,0.06739263979535626
me,left,0.01456427653881709,0.008052287261603341,0.016642039575800717,0.4530000000013388,0.016642039575800717,1.0,0.03673739420695703,0.8751497358529952,0.48385218800418056,0.01456427653881709,0.008052287261603341
me,up,0.014059940963694673,-0.06666456865263748,0.0681310990190588,0.9060000000008586,0.18171859742190635,0.3749263971087944,0.2005724033352474,0.20636597920960567,-0.978474875827101,0.0748741085316551,0.08510004877352051
me,up,-0.02563023519750751,-0.08486618686970815,0.08865200860715891,1.0,0.6011747019930404,0.1474646360088938,0.6011747019930404,-0.2891105977201491,-0.9572957026362847,0.04246410487429364,0.3411904005979323
me,up,-0.021063739064945186,-0.23173240449011506,0.23268774869804898,0.9220000000004802,0.2628350316937622,0.8852996010408581,0.28507053329026605,-0.09052362740540709,-0.9958943080876439,0.021063739064945186,0.24664254748909092
me,up,0.004720530642787102,-0.002872931308077309,0.0055260423315807855,0.9059999999990396,0.009012840043572326,0.6131299684522622,0.00994794706797117,0.8542335290864017,-0.5198894861262264,0.006619047216667395,0.002872931308077309
me,up,0.005456519995208464,-0.14259730224669154,0.1427016615828015,1.0,0.14519767821727575,0.9828095279131174,0.14519767821727575,0.038237256207716695,-0.9992686887107518,0.008912574369997595,0.14259730224669154
me,up,-0.004466160680194786,-0.1960955919557878,0.19614644471851164,0.8909999999996217,0.1968334560929094,0.9965096819004516,0.22091296980133893,-0.02276952144916081,-0.9997407408388318,0.004466160680194786,0.1960955919557878
me,up,0.01636244827437905,-0.29784002473119814,0.2982891383295953,0.9680000000007567,0.33016500102086804,0.903454749616971,0.34107954650889455,0.05485432143459184,-0.9984943682464866,0.01894254459465128,0.31359784390174444
me,up,-0.028260683303978906,-0.033669446682029425,0.0439579101036641,1.0,0.22544742840599424,0.1949807563318178,0.22544742840599424,-0.6429032507990694,-0.7659473938280545,0.028260683303978906,0.1280085237972194
me,up,-0.0037432698901266326,-0.2870526200168082,0.2870770257752863,0.9060000000008586,0.2874678687199032,0.998640394328739,0.3172934533329258,-0.013039252723262958,-0.9999149853304624,0.009594374763402969,0.2870526200168082
me,up,-0.05283167974308223,-0.1370806691920139,0.14690914284211842,0.9059999999990396,0.14884262283576496,0.9870099037707769,0.1642854556687889,-0.3596214552817848,-0.9330982846951392,0.05283167974308223,0.1370806691920139
me,up,0.020232495504141745,-0.16011590500969614,0.1613891474399662,0.9680000000007567,0.2264433681349527,0.7127130671532127,0.2339290993127848,0.12536465942772182,-0.9921107307990229,0.021150543187528625,0.18990556755742288
me,up,-0.0633405022322997,-0.1646759567748976,0.17643749590936703,0.9529999999995198,0.27876625322254384,0.6329227224233415,0.29251443150334133,-0.35899683287750045,-0.9333387777136039,0.0633405022322997,0.21708910886001692
me,up,-0.006969467589395317,-0.028331769243997496,0.029176405312765216,1.0,0.03366633956324792,0.8666343205489387,0.03366633956324792,-0.23887341551106184,-0.9710507151339107,0.01155865542454837,0.028331769243997496
me,up,-0.005226716219765004,-0.10099377661442366,0.10112893491620517,0.8899999999994179,0.1420234948938692,0.7120577830574895,0.15957696055501358,-0.05168368700902298,-0.9986635051393203,0.005892496961326987,0.12143177356690094
me,up,-0.025371774601123165,-0.23793138725213553,0.23928032093370294,1.0,0.3217707849344778,0.7436359425310399,0.3217707849344778,-0.10603368677423701,-0.9943625381464565,0.037909988667427674,0.27751361089099563
me,up,-0.007368407273485533,-0.2035671173595509,0.20370042880618863,1.0,0.21470351339043622,0.9487521912869745,0.21470351339043622,-0.036172762701919624,-0.9993455514678147,0.01411308312154691,0.20676011031417385
me,up,-0.04365088966817321,-0.30793683647904263,0.3110152655892371,0.8909999999996217,0.35986084230932064,0.8642653743412905,0.4038842225695549,-0.1403496692854416,-0.990101999963371,0.059230415310114526,0.3213897096239771
me,up,-0.033425127619438055,-0.32260054827799955,0.3243275395424225,0.8279999999995198,0.32719256584929085,0.9912436081809144,0.39516010368294757,-0.10305978846753469,-0.9946751630562749,0.036149213538313796,0.32260054827799955
me,up,-0.0089995051190499,-0.13691331378782534,0.13720877007229287,0.9060000000008586,0.14780014356022747,0.9283398971556568,0.1631348162914872,-0.06558986801141224,-0.9978466661838609,0.012731589234221463,0.14139554305252044
me,up,-0.0447363666584899,-0.038535007542966904,0.059044807630640676,0.9060000000008586,0.06597312589535621,0.8949827195439406,0.0728180197519798,-0.7576680906192746,-0.6526400726720222,0.048702735787923834,0.038535007542966904
me,up,-0.002243201219543356,-0.33163546714227815,0.3316430536260158,0.9839999999985594,0.4028683339601616,0.8232045700042808,0.4094190385779994,-0.006763902319126962,-0.9999771245510656,0.024930390157912763,0.36171426996533157
me,up,-0.053468570761955214,-0.36486318345557944,0.3687601262347463,0.8280000000013388,0.36969646956382207,0.9974672646179703,0.44649332072853176,-0.14499553221195627,-0.9894323097810035,0.053468570761955214,0.36486318345557944
me,up,-0.06560524828322378,-0.39121798348487274,0.3966806766207217,0.9689999999991414,0.4197080645176035,0.9451347499759182,0.4331352575004906,-0.16538554093964836,-0.9862289910807226,0.06560524828322378,0.4026593596250874
me,up,-0.031943175021238224,-0.3663135078883597,0.36770362044983024,0.9059999999990396,0.3678449141826226,0.9996158877631723,0.4060098390540977,-0.08687207099609337,-0.9962194754575168,0.032087180884616706,0.3663135078883597
me,up,-0.027544587719489977,-0.28998303392662417,0.2912882837979007,0.9369999999998981,0.4031542204790783,0.7225232156859366,0.43026064085285176,-0.0945612619922631,-0.9955190443835972,0.08212979409269383,0.3247796583852348
me,up,0.026431954523224777,0.0014367748034379568,0.026470975459049802,0.9069999999992433,0.026852431807204993,0.9857943462665143,0.02960576825493649,0.9985258973215629,0.0542773652471034,0.026431954523224777,0.002707337329814541
me,up,-0.03679510449741874,-0.40236910929461434,0.40404799198797814,1.0,0.41379628708359534,0.9764418014373148,0.41379628708359534,-0.09106617339287142,-0.9958448433684736,0.04776947135179688,0.40236910929461434
me,up,-0.03163518431593404,-0.34613023025499695,0.3475729005303496,0.9059999999990396,0.3476095359464824,0.999894607562957,0.3836749844887979,-0.09101740747815204,-0.995849301619455,0.03163518431593404,0.34613023025499695
me,up,0.0042661015207901,0.005305198233537589,0.00680769788422033,0.875,0.04891674553065848,0.13916906798212114,0.05590485203503826,0.6266584671271272,0.7792940174144025,0.0042661015207901,0.026993280592494062
me,up,0.024779494099330113,-0.037381851228512786,0.044848925618005596,0.9060000000008586,0.04492784285815267,0.9982434669655467,0.049589230527715335,0.5525103167550982,-0.8335060586937452,0.024779494099330113,0.037381851228512786
me,up,-0.0536096595817418,-0.40299634029024145,0.4065464867488075,0.9380000000001019,0.4114227474810386,0.9881478096141103,0.4386170015788847,-0.13186600137776014,-0.991267551007618,0.0536096595817418,0.40299634029024145
me,up,0.057930910943475133,-0.47629838318488454,0.4798084412213649,0.9840000000003783,0.5498399706212705,0.8726328874912891,0.5587804579482308,0.12073758184831115,-0.9926844595990321,0.09778522174051285,0.47629838318488454
me,up,0.0022352254889060896,-0.31967603395646327,0.3196838483863708,0.9690000000009604,0.35856800606878153,0.891557090916383,0.3700392219488402,0.006991987553292307,-0.9999755557562667,0.008279256972913873,0.32957471876487676
me,up,-0.030736846501827397,-0.3022718601978088,0.3038305962215138,0.8440000000009604,0.30660339054270747,0.9909564133772767,0.36327415941037744,-0.10116442150354758,-0.9948697200246133,0.035396844162889574,0.3022718601978088
me,up,-0.1041968367110267,-0.3581075081944957,0.3729584001009431,0.8600000000005821,0.3828953256702269,0.9740479318939451,0.4452271228720555,-0.2793792462720381,-0.9601808354432346,0.1041968367110267,0.3581075081944957
me,up,-0.024847631042110296,-0.16667625083381443,0.1685181810975346,0.9380000000001019,0.21501724263413938,0.7837426386509624,0.22922946975918554,-0.14744777614071822,-0.989069842483915,0.024847631042110296,0.1900522402906475
me,up,-8.849856065196171e-06,-0.039692645030431795,0.039692646017011946,0.9539999999997235,0.08344790397127477,0.4756577951996892,0.08747159745419178,-0.0002229595895774546,-0.9999999751445103,0.010197579351317154,0.05992948295743328
me,up,0.008026013112394814,0.008530341376628003,0.011712540735559695,0.8430000000007567,0.01992183254352599,0.587924866347997,0.023632067074149592,0.6852495366805896,0.7283083635926729,0.013012528940430479,0.008530341376628003
me,up,-0.020315748445956627,-0.4271142509277952,0.42759713864867127,0.8600000000005821,0.4295020776858035,0.9955647734059956,0.4994210205645498,-0.04751142280830077,-0.9988706946861194,0.024443773187966977,0.4271142509277952
me,up,-0.014565485232316489,-0.027762158645097457,0.03135108949762973,1.0,0.06996211942534027,0.4481152051301975,0.06996211942534027,-0.46459263348464175,-0.8855245253022671,0.038791370759745036,0.027762158645097457
me,up,-0.07405333067999276,-0.455471299343887,0.4614520563512629,0.9220000000004802,0.5382099887415823,0.8573829286041471,0.5837418532985922,-0.16047892659865506,-0.9870392667557575,0.07405333067999276,0.48312338778706115
me,up,-0.0026497763640962457,-0.017125225900380903,0.017329012577720636,0.9840000000003783,0.04038815259628175,0.429061778362103,0.04104487052466079,-0.1529098298135567,-0.9882401448769369,0.004177184810904344,0.028553919276917306
me,up,-0.019453399009720318,-0.24853145773326657,0.24929163687547534,0.9369999999998981,0.26914408591823547,0.926238583415163,0.2872402197633562,-0.07803470366491902,-0.9969506432235892,0.019453399009720318,0.2584265014622653
me,up,0.004913820638311361,-0.34180024347429816,0.34183556291344963,0.9220000000004802,0.3519622640119191,0.9712278782871833,0.3817378134617525,0.014374808157557048,-0.9998966771074067,0.005604192647277739,0.3453354922215246
me,up,0.010224096010720385,0.007831348551662343,0.012878748362090641,0.9840000000003783,0.05978350543598605,0.21542310488769725,0.06075559495524701,0.7938734202475465,0.6080830474733384,0.010224096010720385,0.033347995535330854
me,up,0.01178689289264312,-0.4383564099199518,0.43851484919210143,1.0,0.4804585262418335,0.9127007332395217,0.4804585262418335,0.026879119177739868,-0.9996386912040914,0.015655516575146855,0.45907690776784754
me,up,-0.008123542702885067,-0.045880572543143816,0.04659419366114494,0.9849999999987631,0.05859666147483524,0.7951680605755186,0.059488996421227236,-0.1743466742221857,-0.9846843337779184,0.015547913556914539,0.048337367222998306
me,up,0.01960911646557051,0.0976772166896282,0.09962608146862392,0.4220000000004802,0.09962608146862392,1.0,0.2360807617737217,0.1968271377987116,0.9804382070411,0.01960911646557051,0.0976772166896282
me,up,-0.04552906025213155,-0.48414528226470727,0.48628134826108155,0.9529999999995198,0.4868509095875028,0.9988301114053503,0.5108613951602814,-0.09362699271716107,-0.9956073454101977,0.048054765013588074,0.48414528226470727
me,up,-0.008973241146090882,-0.008597301671151053,0.012427093493278108,0.9069999999992433,0.019983274649088167,0.6218747283166202,0.022032276349619448,-0.7220707843668002,-0.6918191832870162,0.008973241146090882,0.012233440288890701
me,up,0.0,0.0,0.0,0.31199999999989814,0.0,0.0,0.0,0.0,0.0,0.0,0.0
me,up,0.013755658297089579,-0.013361026143655419,0.019176421845530332,0.43699999999989814,0.019176421845530332,1.0,0.043881972186578494,0.7173214277352669,-0.6967423981012196,0.013755658297089579,0.013361026143655419
me,up,-0.01628338167022536,-0.022410521605660816,0.02770162445157362,0.8280000000013388,0.03844236378437947,0.720601485562909,0.04642797558492429,-0.5878132417357339,-0.8089966581143136,0.017108368394692985,0.0279887549370762
me,up,0.008855402031917592,0.012329459879269034,0.015180043677848722,0.875,0.058861560615687085,0.25789400619125136,0.06727035498935667,0.5833581391363004,0.8122150463414433,0.03290897083292765,0.012329459879269034
me,up,0.043237905540601584,-0.014184640938633586,0.045505170190824965,0.5309999999990396,0.045505170190824965,1.0,0.08569711900359185,0.9501756692543802,-0.31171492995522476,0.043237905540601584,0.014184640938633586
me,up,-0.08414093532717482,-0.18511224550532535,0.2033377496525317,1.0,0.2084653905419054,0.9754029151983242,0.2084653905419054,-0.41379889111075935,-0.9103683198110015,0.0862755245633271,0.18678879726526387
me,up,-0.07202852123652376,0.03726201171818322,0.08109602572756804,0.8430000000007567,0.08745404757553371,0.9272987125898973,0.103741456198642,-0.8881880534872889,0.45948012105254443,0.07202852123652376,0.03726201171818322
me,up,0.006102120945997824,-0.09488439257912495,0.09508040720963014,0.7960000000002765,0.09508040720963014,1.0,0.11944774775075014,0.06417853188769028,-0.9979384329931085,0.006102120945997824,0.09488439257912495
me,up,0.0170509937705553,-0.153007426250522,0.1539545675722953,0.8909999999996217,0.15922210311624135,0.9669170583678295,0.17870045243132318,0.11075341277255933,-0.9938479167152443,0.0170509937705553,0.153007426250522
me,up,0.0025696914134054616,-0.4341611773025737,0.43416878191633834,0.9689999999991414,0.45138823050401133,0.9618522428720703,0.46582892724913444,0.00591864620496972,-0.9999824846601566,0.018142748061183878,0.44130239462012416
me,down,0.032432921353024446,0.008625300824795512,0.033560247344286476,0.5780000000013388,0.033560247344286476,1.0,0.058062711668181215,0.9664088890735201,0.2570094533663782,0.032432921353024446,0.008625300824795512
me,down,0.054021935481168404,-0.027107875314511864,0.060441760540198064,0.7970000000004802,0.060441760540198064,1.0,0.07583658787975113,0.8937849427009986,-0.4484957928464576,0.054021935481168404,0.027107875314511864
me,down,-0.014910458192714415,0.2537372784790497,0.25417499533485094,0.9849999999987631,0.2569489119585191,0.989204404087471,0.2608618395521236,-0.05866217553410921,0.9982778917523945,0.02511856492564979,0.2537372784790497
me,down,-0.026965052297657555,0.3733777287147128,0.37435016007152055,0.8909999999996217,0.40391961428901557,0.9267937154536465,0.4533329004367981,-0.07203163020554289,0.9974023482276007,0.08333062064652119,0.3733777287147128
me,down,-0.038440848173330044,0.16733850189842692,0.17169703848900494,0.9529999999995198,0.1774146491391375,0.9677726124766141,0.18616437475259903,-0.2238876599830911,0.9746149576665113,0.038440848173330044,0.17012262983822818
me,down,7.162798491933131e-05,0.2297062028665322,0.22970621403420646,0.8590000000003783,0.28546876047530995,0.8046632270786549,0.33232684572198395,0.000311824324041425,0.9999999513827943,0.015555794794776978,0.2551646117506198
me,down,-0.008937521605669407,0.25567008706950817,0.25582625493600475,0.9840000000003783,0.3651272419011874,0.7006495971210983,0.3710642702246413,-0.03493590447901893,0.9993895549675477,0.043794537859507376,0.29737625359076025
me,down,-0.01661737424402554,0.2761781132057165,0.2766775873478652,0.9840000000003783,0.3506088264095581,0.789134689452081,0.35630978293640575,-0.060060427746655924,0.9981947430330861,0.023704199874824305,0.3126032519918604
me,down,-0.05344573058329638,0.31048660041678516,0.3150529719840058,0.8909999999996217,0.33157368126938536,0.9501748473457475,0.3721365670813986,-0.16964045838618416,0.9855060197068941,0.05344573058329638,0.3155942139061463
me,down,-0.025650214845891695,0.2939932332860155,0.29511007224357144,1.0,0.38348411794148873,0.7695496591298177,0.38348411794148873,-0.08691744965153574,0.9962155173184528,0.06316465592822407,0.30589666297166296
me,down,-0.019532703277187147,0.1375194368163037,0.1388996832234976,0.8590000000003783,0.1854498679576625,0.7489877709441556,0.21589041671429665,-0.14062453436814468,0.9900629981641281,0.019532703277187147,0.16096731151109567
me,down,0.048010484149891064,0.18670278966176757,0.19277691318151446,0.9380000000001019,0.1999920679708271,0.963922795226233,0.21321115988358783,0.24904685606561952,0.9684914369698012,0.048010484149891064,0.18670278966176757
me,down,0.03294883564374895,0.24476404184176626,0.2469717837101977,0.8599999999987631,0.24709132936310807,0.9995161883939089,0.28731549925984123,0.13341133609988365,0.9910607526282352,0.03339006850447657,0.24476404184176626
me,down,0.037622684304419396,0.07785657967808851,0.08647030341938526,0.9689999999991414,0.08656620938036978,0.9988921085759559,0.08933561339571361,0.43509370057310326,0.9003851796434694,0.037622684304419396,0.07785657967808851
me,down,0.01141092703578761,0.029618470298326482,0.03174055825956621,0.8910000000014406,0.031982511232402165,0.9924348350547649,0.035895074334848995,0.35950618582294463,0.9331427020317087,0.011739156386378458,0.029618470298326482
me,down,-0.007129507182185857,-0.008670866787181042,0.011225587000325596,0.8279999999995198,0.017550805991345744,0.6396052127669181,0.021196625593425028,-0.6351121934183992,-0.7724198999063073,0.007129507182185857,0.010611056852784406
me,down,0.004519775756280153,0.17440759994672145,0.17446615514781855,0.9530000000013388,0.18334757485513697,0.9515596554013019,0.19238990016251775,0.025906318348396677,0.9996643750127496,0.006634202981828707,0.17855807371951904
me,down,0.0013817581503448029,0.015569493094898357,0.015630686831298615,0.7350000000005821,0.015630686831298615,1.0,0.021266240586783995,0.08840034767877215,0.9960850257534605,0.0013817581503448029,0.015569493094898357
me,down,0.07134841948161663,0.004560156335448817,0.07149399966660465,0.875,0.07507633287022716,0.9522841211515387,0.08580152328025961,0.9979637426124305,0.06378376306702699,0.07134841948161663,0.0069429478382224685
me,down,0.015329238710563242,0.00016165036088561235,0.015330091007055537,0.5309999999990396,0.015330091007055537,1.0,0.02887022788527922,0.999944403689978,0.010544644569377587,0.015329238710563242,0.00016165036088561235
me,down,0.024295428031749,0.09272438309102021,0.0958544680380428,0.9689999999991414,0.09616517467356091,0.9967690316523334,0.09924166632987215,0.2534616124738871,0.9673454455374962,0.024295428031749,0.09272438309102021
me,down,0.018789734780076284,0.1387450132840104,0.14001154539639163,0.8590000000003783,0.15416159032491603,0.9082129024570822,0.17946634496489886,0.13420132408995275,0.9909540880447001,0.018789734780076284,0.1451267833313179
me,down,-0.007449173041149004,-0.0332308937312773,0.0340555792371298,0.8590000000003783,0.055088295904720176,0.6181999039511364,0.06413072864341783,-0.2187357610123216,-0.9757841292285709,0.008225660940236357,0.04376212626390569
me,down,-0.0006439917394267525,0.021093885527124934,0.02110371370142944,0.7659999999996217,0.02110371370142944,1.0,0.027550540080208696,-0.03051556463178954,0.9995342917154985,0.0006439917394267525,0.021093885527124934
me,down,0.004550895373997554,0.21223557001772764,0.21228435606387683,0.8439999999991414,0.21319238740194862,0.9957407891100736,0.25259761540540937,0.02143773313483439,0.9997701853916428,0.006972797214560789,0.21223557001772764
me,down,0.016449315453711533,0.014228646474538365,0.021749353079875872,0.7810000000008586,0.021749353079875872,1.0,0.027848083328875752,0.7563128610446657,0.6542101009755446,0.016449315453711533,0.014228646474538365
me,down,0.021405896016859827,0.2399553790731183,0.2409082736860827,0.8279999999995198,0.24489264512030182,0.9837301302688701,0.2957640641551254,0.08885496412943018,0.9960445749812393,0.02339573254234617,0.24133816084500936
me,down,0.005227586726146316,0.008239506002655439,0.009757926119169799,0.8599999999987631,0.00983095795251408,0.9925712393749376,0.011431346456428161,0.5357272295674111,0.8443911033993823,0.005227586726146316,0.008239506002655439
me,down,0.006465874764984392,0.005345485152072615,0.008389383051660638,0.7970000000004802,0.018995377858820446,0.4416539178116456,0.023833598317200753,0.7707211275451897,0.6371726167652462,0.008609592233635888,0.009283578503717027
me,down,0.01664585412332842,-0.03566117218616127,0.03935484291908903,0.8590000000003783,0.04546544005618913,0.8655990763633161,0.05292833533896287,0.4229683792043384,-0.9061444422349315,0.01664585412332842,0.03590146516331877
me,down,0.009586132603686792,0.13465552754792515,0.134996314903428,0.9689999999991414,0.1433374834293969,0.9418074858968941,0.14792309951447255,0.07101032802669022,0.9974755803093837,0.011832888342148018,0.13843545001555851
me,down,0.020984256122984934,0.002144238818522659,0.021093524246694532,0.8439999999991414,0.033580810695230945,0.6281421981777878,0.03978769039723354,0.9948198261024722,0.10165389118694439,0.020984256122984934,0.014064551791164337
me,down,0.04671874811571586,0.17428973154596533,0.18044265556642744,0.9530000000013388,0.19963822348798835,0.903848233138,0.2094839700815403,0.2589118851585345,0.9659009450889122,0.04735025579473473,0.18395554233679112
me,down,0.005137416460126443,-0.04072245973570687,0.041045240586589885,0.8589999999985594,0.04383972941077745,0.9362567045520912,0.05103577347014083,0.12516473010527113,-0.9921359737141249,0.0060126000067297625,0.04072245973570687
me,down,0.02361277513856408,0.2001312832380357,0.20151946228651776,0.9219999999986612,0.2073488658677143,0.9718860117377462,0.22489031005207744,0.1171736708238718,0.9931114392985608,0.03131645756589818,0.20052044683841053
me,down,0.021198402136254124,0.1690783726512003,0.17040207848353406,0.9850000000005821,0.1784668666797957,0.9548107256753073,0.18118463622303577,0.12440225098722915,0.9922318680375622,0.02414218657481937,0.17249675236402673
me,down,0.002339412249916739,0.06267729805991618,0.06272094181185923,0.9840000000003783,0.06272459961230704,0.9999416847541408,0.06374451180110054,0.037298742371154964,0.9993041598119815,0.0023867799772130383,0.06267729805991618
me,down,-0.018238299253177992,0.045210606555239286,0.04875073850457158,0.8289999999997235,0.08591531030121946,0.5674278348486582,0.10363728624999773,-0.37411329166772933,0.927383008792773,0.018238299253177992,0.06458134220313472
me,down,0.03364964777125967,0.018166629742779827,0.03824036128674903,0.9850000000005821,0.04284362211440444,0.8925566840412461,0.04349606306028338,0.8799510945760829,0.47506428107610194,0.03364964777125967,0.018166629742779827
me,down,0.055979882654236035,0.003953166356460147,0.05611929067819625,0.7659999999996217,0.05611929067819625,1.0,0.07326278156426105,0.9975158626868679,0.07044220104506865,0.055979882654236035,0.003953166356460147
me,none,-0.0017514831519371832,0.02120304190958744,0.021275259797502853,0.9689999999991414,0.025847922772342154,0.823093599624487,0.026674842902337518,-0.08232487728035925,0.9966055461318555,0.0017514831519371832,0.02346935214456969
me,none,-0.0014310979463625362,-0.0167063995674247,0.016767582647434047,1.0,0.016814100463218015,0.9972334044342289,0.016814100463218015,-0.08534909154490065,-0.9963511090837707,0.0014310979463625362,0.0167063995674247
me,none,-0.0007198372127500408,-0.00573719294399011,0.00578217506561585,0.8440000000009604,0.023165703986372257,0.24960066264411146,0.027447516571499877,-0.1244924625389861,-0.9922205534915002,0.0008031708851339303,0.014440089332442452
me,none,-0.0018386545849723435,-0.0019420780964648499,0.0026743818006426,0.8590000000003783,0.019520389265185355,0.1370045322514323,0.02272455094898342,-0.6875063928907054,-0.7261783250238271,0.001921988257356233,0.010644974484917191
me,none,-0.003693532605396843,-0.0060072489154715525,0.007051894967990075,0.8590000000003783,0.015781655102003394,0.4468412801072351,0.01837212468218445,-0.5237645515372119,-0.8518630726548858,0.003693532605396843,0.010644974484917191
me,none,8.108322397415435e-05,0.008181032118816045,0.008181433921893508,0.8289999999997235,0.008962967152853845,0.9128041844143662,0.010811781849043226,0.009910637273152783,0.9999508884284468,0.0018526275720147645,0.008181032118816045
me,none,0.0022558323086693255,0.011775624168715026,0.011989749954342745,1.0,0.012240591801781057,0.9795073758278735,0.012240591801781057,0.1881467351078704,0.982140929840646,0.0022558323086693255,0.011775624168715026
me,none,-0.00158033821234016,-0.004886908183593386,0.005136082209257801,0.9840000000003783,0.02151051385592414,0.23877078175160796,0.02186027830885759,-0.30769332498058466,-0.951485584631944,0.001983542948994721,0.013119225802938006
me,none,-0.004513576319649104,-0.00587626492429294,0.007409646459431965,0.8279999999995198,0.02094045621633599,0.35384360220631583,0.025290406058391467,-0.6091486745502729,-0.7930560461238826,0.004513576319649104,0.013119225802938006
me,none,-0.0004956827259297025,0.003625598687256426,0.0036593260589650413,0.8590000000003783,0.011822295881558437,0.30952753133790306,0.01376285900064404,-0.13545738148021041,0.9907831739601378,0.002530033370654383,0.007242960878645066
me,none,-0.0027402347309706254,0.007209503933622741,0.007712705968059422,0.875,0.01598307499776934,0.48255457533270896,0.018266371426022103,-0.35528836990788204,0.9347567460083933,0.004774585375695306,0.01082686612501138
me,none,-0.002610209313975931,0.014410638767850648,0.014645125549487336,0.875,0.016019546792917387,0.9142034877018047,0.018308053477619872,-0.17823058635829198,0.9839887489633097,0.004774585375695306,0.014410638767850648
me,none,-0.005029121952874416,0.0165472796870062,0.01729463884147025,0.8439999999991414,0.01901225678304972,0.9096573352033197,0.02252637059605339,-0.2907908051144294,0.9567866573384591,0.007193498014593791,0.0165472796870062
me,none,-0.030297380508100158,-0.0015527207517437303,0.030337142373425732,0.7970000000004802,0.042111332539768204,0.7204032868059111,0.05283730557056817,-0.9986893338589331,-0.05118216912558841,0.030297380508100158,0.014516227795910663
me,none,-0.04338046922345162,-0.023069036387479036,0.04913293752559138,0.9689999999991414,0.049292316609782325,0.9967666546197725,0.05086926378723013,-0.8829203261225014,-0.4695228404665058,0.04338046922345162,0.023069036387479036
me,none,-0.013226629675120005,0.015683608626626766,0.020516318191039214,0.875,0.047247556472086685,0.43423024856661147,0.0539972073966705,-0.6446882696963102,0.7644455735472458,0.020276586729945256,0.02423641721819514
me,none,0.010762916773086051,0.01994351258403637,0.022662393334641293,0.8590000000003783,0.030916789840150213,0.7330124974750996,0.0359916063331043,0.4749241006524261,0.8800267601723736,0.010762916773086051,0.02423641721819514
me,none,0.0025583296438530523,-0.015005908896053577,0.015222429253022566,0.8279999999995198,0.016450881424820624,0.9253260576090103,0.01986821428119585,0.16806316530228382,-0.9857762283949524,0.0037129597182608,0.015005908896053577
me,none,0.0024366526210640727,-0.015514232677744433,0.015704416307998577,1.0,0.016770803986805263,0.9364140395627015,0.016770803986805263,0.1551571591885931,-0.9878897994981654,0.0035912826954718202,0.015514232677744433
me,none,0.003336077551856498,-0.0009198785422923628,0.0034605765364416905,0.9840000000003783,0.009885488212391132,0.35006632571813423,0.010046227858117207,0.9640236292206941,-0.2658165576185234,0.0035912826954718202,0.004801228415849623
me,none,-0.005938204033858696,0.002371747246085354,0.006394329687078166,0.8590000000003783,0.00976981393747184,0.6544986146105504,0.011373473733955223,-0.9286671667647634,0.37091413207521107,0.005938204033858696,0.0038813498735572605
me,none,-0.004799726267100901,0.021755367652765978,0.022278541109015972,1.0,0.029161814340713747,0.7639627921885568,0.029161814340713747,-0.21544167742467144,0.9765167093442098,0.005682998890243374,0.023264970280237884
me,none,0.0024991918520411716,0.03574453658806709,0.035831799505592454,1.0,0.035865481550642425,0.9990608784939242,0.035865481550642425,0.06974787441672053,0.9975646515461288,0.0024991918520411716,0.03574453658806709
me,none,0.001615919228898699,0.012479566307829204,0.012583750243303084,0.6880000000001019,0.012583750243303084,1.0,0.018290334655961075,0.12841316758958016,0.9917207562563215,0.001615919228898699,0.012479566307829204
me,none,0.0,0.0,0.0,0.2969999999986612,0.0,0.0,0.0,0.0,0.0,0.0,0.0
me,none,0.0,0.0,0.0,0.28100000000085856,0.0,0.0,0.0,0.0,0.0,0.0,0.0
me,none,-0.041379905457244126,0.03176365677080406,0.05216537613306271,0.5940000000009604,0.05216537613306271,1.0,0.08782049854036762,-0.7932446485518065,0.6089030526643145,0.041379905457244126,0.03176365677080406
me,none,-0.006448419662643534,0.04275060697569544,0.04323420535797955,0.9850000000005821,0.08878397488592525,0.48695956014054714,0.09013601511256121,-0.1491508773955846,0.9888144496173825,0.041379905457244126,0.04275060697569544
me,none,0.03493148579460059,0.010986950204891377,0.03661859875286254,0.7039999999997235,0.03661859875286254,1.0,0.05201505504670017,0.9539274298929841,0.30003742849478937,0.03493148579460059,0.010986950204891377
me,none,0.0,0.0,0.0,0.2970000000004802,0.0,0.0,0.0,0.0,0.0,0.0,0.0
me,none,0.0,0.0,0.0,0.2969999999986612,0.0,0.0,0.0,0.0,0.0,0.0,0.0
me,none,-0.027296578356748702,-0.013996716848217683,0.030675907036553988,0.6869999999998981,0.030675907036553988,1.0,0.044651975307945464,-0.8898376932822748,-0.4562771960268015,0.027296578356748702,0.013996716848217683
me,none,-0.12565352832958032,0.06466960125712895,0.1413186700631898,0.9060000000008586,0.15662224168830036,0.9022899208940787,0.1728722314438763,-0.8891502324030865,0.45761541081735574,0.12565352832958032,0.07866631810534663
me,none,-0.09835694997283162,0.07866631810534663,0.12594633465174637,0.6560000000008586,0.12594633465174637,1.0,0.19199136379814258,-0.7809433299095044,0.6246018855798107,0.09835694997283162,0.07866631810534663
me,none,0.0,0.0,0.0,0.25,0.0,0.0,0.0,0.0,0.0,0.0,0.0
me,none,0.0,0.0,0.0,0.2969999999986612,0.0,0.0,0.0,0.0,0.0,0.0,0.0
me,none,-0.0018000443132847321,0.003579015950820219,0.004006184557158377,0.7349999999987631,0.004006184557158377,1.0,0.005450591234238257,-0.4493163726240111,0.8933727090593269,0.0018000443132847321,0.003579015950820219
me,none,-0.0018000443132847321,0.003579015950820219,0.004006184557158377,0.5469999999986612,0.004006184557158377,1.0,0.007323920579832143,-0.4493163726240111,0.8933727090593269,0.0018000443132847321,0.003579015950820219
me,none,-0.23834156279311453,-0.4641582078772151,0.5217753755156065,0.8590000000003783,0.5217753755156065,1.0,0.6074218574102173,-0.4567895956331608,-0.8895747665718119,0.23834156279311453,0.4641582078772151
me,none,0.0,0.0,0.0,0.31300000000010186,0.0,0.0,0.0,0.0,0.0,0.0,0.0
me,none,-0.016710725608114985,-0.05539277959048031,0.05785852038472157,0.9849999999987631,0.05785852038472157,1.0,0.058739614603852006,-0.28882047962857527,-0.9573832725440318,0.016710725608114985,0.05539277959048031
me,none,0.0,0.0,0.0,0.31199999999989814,0.0,0.0,0.0,0.0,0.0,0.0,0.0
me,none,0.3168275192327661,0.49532393260077,0.5879842473657614,0.8590000000003783,0.5879842473657614,1.0,0.6844985417526221,0.538836747161494,0.8424102088106603,0.3168275192327661,0.49532393260077
me,none,-0.0024042290874545236,0.03171441494002292,0.03180541514416863,0.5619999999998981,0.03180541514416863,1.0,0.05659326538109323,-0.07559181593941015,0.9971388455791812,0.0024042290874545236,0.03171441494002292
me,none,0.031499021405474004,0.10124937866036521,0.10603596101612192,0.9840000000003783,0.1091652340010893,0.9713345277587537,0.1109402784563489,0.2970598003132619,0.9548588770273044,0.03390325049292853,0.10124937866036521
me,none,0.033027932624188905,0.05079735663242202,0.06059055845814124,0.8279999999995198,0.09611785981946828,0.6303777317966132,0.11608437176271018,0.5451003170239159,0.8383708274865164,0.03390325049292853,0.06953496372034229
me,none,0.027127432286039643,-0.043309597717865356,0.051104000204651244,0.8279999999995198,0.05601306397621787,0.9123585923874665,0.06764862799064053,0.5308279621439621,-0.8474796012920242,0.028002750154779266,0.043309597717865356
me,none,-0.016131087370752528,-0.024004356176984043,0.028920945614456725,1.0,0.08139251074917946,0.3553268642071996,0.08139251074917946,-0.5577648665363513,-0.8299990082269293,0.044133837525531794,0.024571990629945084
me,none,-0.07266917744601664,-0.009593861067957454,0.0732997375225309,0.8590000000003783,0.07442810700285439,0.9848394709235286,0.08664506053879116,-0.9913975124901309,-0.13088534000559673,0.07266917744601664,0.010161495520918495
me,none,-0.03970280236038548,-0.017031592110419158,0.043201708821336254,0.875,0.04340208159981061,0.9953833371329537,0.04960237897121213,-0.9190099985299018,-0.39423422302239297,0.03970280236038548,0.017031592110419158
me,none,-0.01541636008510816,-0.009486135452560607,0.018101130464643452,0.8439999999991414,0.018101130711475212,0.9999999863637381,0.02144683733589292,-0.8516794083784217,-0.5240631501490843,0.01541636008510816,0.009486135452560607
me,none,-0.00434338166331949,-0.0016226053605271629,0.0046365733499289605,0.8439999999991414,0.005987584885353433,0.7743645290559041,0.007094294887866734,-0.936765437645031,-0.3499578757989505,0.00434338166331949,0.002616038863059944
me,none,0.00021722783715460992,0.0008939508649790096,0.0009199652614265329,1.0,0.0013251183949207002,0.6942513702570606,0.0013251183949207002,0.23612613026036247,0.9717224143798816,0.0003117118552665721,0.0009934335025327812
me,none,-0.006362684070401636,-0.002689513632528895,0.006907766075896137,0.8279999999995198,0.007486519001787506,0.9226939882536617,0.009041689615690638,-0.9210914209448259,-0.3893463679833697,0.006674395925668208,0.002689513632528895
me,none,-0.009535299768318017,-0.009450544829089136,0.013425153229602598,0.8279999999995198,0.014592447063975363,0.9200069851714944,0.01762372833814472,-0.7102563080838873,-0.7039431630657734,0.009535299768318017,0.009450544829089136
me,none,0.0021131817169413036,-0.005726832551383287,0.006104272932987041,0.9529999999995198,0.012534772863096849,0.48698711972343756,0.013152962080905734,0.34618073931816273,-0.938167839848036,0.004974085559591113,0.006860513834114013
me,none,0.004428543305762256,0.002159028961251974,0.004926804427469845,0.9689999999991414,0.0062630877937454345,0.7866414442393648,0.006463454895511851,0.8988672822226331,0.4382209590488537,0.004974085559591113,0.002159028961251974
me,none,0.000135611543772729,-0.002567506556145349,0.00257108545300497,0.9850000000005821,0.004818297633104311,0.5336086827306438,0.004891672723960877,0.05274486058572354,-0.9986080210381812,0.0006811537976015858,0.003592854234666598
me,none,-0.00013724230135492288,-0.002142126381005749,0.002146518316130096,1.0,0.005322500817812432,0.40329130790294987,0.005322500817812432,-0.06393716760933751,-0.9979539260898247,0.0008183960989565087,0.003592854234666598
me,none,-0.001272559746378743,0.00015115196028669953,0.001281505061715342,1.0,0.003042296939756088,0.4212294483713628,0.003042296939756088,-0.9930196800591443,0.1179487813215322,0.001272559746378743,0.0014507278536608492
